<?xml version="1.0" encoding="UTF-8"?>
 <digest>
<feature label="Apache IvyDE" provider-name="Apache Software Foundation" id="org.apache.ivyde.feature" version="2.0.0.alpha1" > 
	<requires> 
		<import plugin="org.eclipse.ui" version="0.0.0" match="greaterOrEqual"  />
		<import plugin="org.eclipse.core.runtime" version="0.0.0" match="greaterOrEqual"  />
		<import plugin="org.eclipse.jface.text" version="0.0.0" match="greaterOrEqual"  />
		<import plugin="org.eclipse.ui.editors" version="0.0.0" match="greaterOrEqual"  />
		<import plugin="org.eclipse.ui.workbench.texteditor" version="0.0.0" match="greaterOrEqual"  />
		<import plugin="org.eclipse.core.resources" version="0.0.0" match="greaterOrEqual"  />
		<import plugin="org.eclipse.ui.ide" version="0.0.0" match="greaterOrEqual"  />
		<import plugin="org.eclipse.ui.forms" version="0.0.0" match="greaterOrEqual"  />
		<import plugin="org.eclipse.search" version="0.0.0" match="greaterOrEqual"  />
		<import plugin="org.eclipse.jdt.core" version="0.0.0" match="greaterOrEqual"  />
		<import plugin="org.eclipse.jdt.ui" version="0.0.0" match="greaterOrEqual"  />
		<import plugin="org.eclipse.ui.console" version="0.0.0" match="greaterOrEqual"  />
		<import plugin="org.eclipse.osgi" version="0.0.0" match="greaterOrEqual"  />
		<import plugin="org.apache.ant" version="0.0.0" match="greaterOrEqual"  />
		<import plugin="com.jcraft.jsch" version="0.0.0" match="greaterOrEqual"  />
		<import plugin="org.apache.ivy" version="0.0.0" match="greaterOrEqual"  />
	</requires>
	<description>
		Eclipse plug-in for Ivy
	</description>
	<license>
		Licensed to the Apache Software Foundation (ASF) under one or more contributor license agreements. See the NOTICE file distributed with this work for additional information regarding copyright ownership. The ASF licenses this file to you under the Apache License, Version 2.0 (the &quot;License&quot;); you may not use this file except in compliance with the  license. You may obtain a copy of the License at http://www.apache.org/licenses/LICENSE-2.0 Unless required by applicable law or agreed to in writing, software distributed under the License is distributed on an &quot;AS IS&quot; BASIS, WITHOUT WARRANTIES OR CONDITIONS OF ANY KIND, either express or implied. See the License for the specific language governing permissions and limitations under the License.
	</license>
	<plugin id="org.apache.ivyde.eclipse" version="2.0.0.alpha1" /> 
</feature>
<feature label="Apache Ivy" provider-name="Apache Software Foundation" id="org.apache.ivy.feature" version="2.0.0.cr1" > 
	<description>
		Ivy bundle
	</description>
	<license>
		Licensed to the Apache Software Foundation (ASF) under one
or more contributor license agreements.  See the NOTICE file
distributed with this work for additional information
regarding copyright ownership.  The ASF licenses this file
to you under the Apache License, Version 2.0 (the
&quot;License&quot;); you may not use this file except in compliance
with the License.  You may obtain a copy of the License at

http://www.apache.org/licenses/LICENSE-2.0

Unless required by applicable law or agreed to in writing,
software distributed under the License is distributed on an
&quot;AS IS&quot; BASIS, WITHOUT WARRANTIES OR CONDITIONS OF ANY
KIND, either express or implied.  See the License for the
specific language governing permissions and limitations
under the License.
	</license>
	<plugin id="org.apache.ivy" version="2.0.0.cr1" unpack="false" /> 
</feature>
</digest>
